segment,vkt,share_vkt,external_cost_no_co2,share_external_no_co2
city-offpeak,8058040.020203822,0.15864867167936034,9034297.865764761,0.20504519772417498
city-peak,6717703.6925099,0.13225980075552818,21744834.53654951,0.4935274399045766
countryside-offpeak,20813607.49433827,0.40978341799657914,5100857.106353822,0.1157706187548362
countryside-peak,15202375.788870571,0.2993081095685323,8180041.967502453,0.18565674361641238
