income_mapped,full_unweighted,full_vkt_weighted,simple_unweighted,simple_vkt_weighted
high,-0.29202030456852796,-0.2941720495240237,-0.2700000000000001,-0.27890849074343965
low,-0.5188247422680412,-0.536612152024223,-0.51,-0.5303300905154276
medium,-0.3667941176470589,-0.36660077716433886,-0.3500000000000001,-0.35711634681528637
