year,ev_share_fleet_pct,ev_share_new_pct,total_vkt_bn_km,other_external_bn_dkk,pollution_bn_dkk,tailpipe_co2_m_tonnes
2026,28.465153499149537,88.01702667598305,49.18479079873266,39.79891255843431,2.867718277661927,4.722170522271674
2030,48.72290916917919,92.403865229467,51.92326405603455,42.71960827868842,2.32202682578873,3.583150692002701
2035,70.98978155141128,100.0,55.48139164622963,46.4795990741883,1.6479320006557925,2.172631158848782
